20121229,Tier,Graphics,CPU,Motherboard,RAM,Total
,Minimum,HD 6570$55,G530 $49,ASRock H61M-DGS$45,4GB$18,$302
,Entry,HD 7750$100,G630 $65,ASRock B75 PRO3-M$70,4GB$18,$419
,Fair,GTX 650 Ti$140,955 $95,ASRock 970 EXTREME3$70,4GB$18,$518
,Good,GTX 650 Ti$140,955 $95,GIGABYTE GA-970A-UD3$105,4GB$18,$553
,Very good,HD 7850$175,i3 3220 $130,ASRock Z77 Extreme3$110,4GB$18,$628
,Great,GTX 660$215,FX-6300 $140,ASUS M5A99X EVO$130,8GB$41,$806
,Excellent,GTX 660 Ti$250,i5 3570K $215,MSI Z77A-GD65$170,8GB$41,$1021
,Exceptional,GTX 670$320,i5 3570K $215,GIGABYTE GA-Z77X-UD5H$190,8GB$41,$1376
,Enthusiast,GTX 660 Ti x2$560,i5 3570K $215,GIGABYTE GA-Z77X-UD5H$190,8GB$41,$1666
,Extremist,GTX 670 x2$640,i5 3570K $215,GIGABYTE G1.Sniper 3$270,16GB$80,$2105
,,,,,,
20130424,Tier,Graphics,CPU,Motherboard,RAM,Total
,Minimum,HD 6570$50,G1610 $43,ASRock B75M-DGS$50,4GB$43,$327
,Entry,HD 7750$100,G2020$65,ASRock B75M-DGS$50,4GB$43,$408
,Fair,GTX 650 Ti$130,965$85,ASRock 970 EXTREME3$75,4GB$43,$530
,Good,650 Ti Boost 1GB$150,965$85,GIGABYTE GA-970A-UD3$99,4GB$43,$574
,Very good,650 Ti Boost 2GB$170,i3 3220$110,ASRock Z77 Extreme3$103,4GB$43,$623
,Great,GTX 660$210,FX 6300$129,GIGABYTE GA-990FXA-UD3$133,8GB$51,$796
,Excellent,GTX 660 Ti$290,i5 4670$230,ASRock Z87 Extreme4$160,8GB$51,$1106
,Exceptional,GTX 770$410,i5 4670K$250,GIGABYTE Z87X-UD3H$180,8GB$51,$1518
,Enthusiast,GTX 660 Ti x2$580,i5 4670K$250,ASUS Z87-PRO$210,8GB$51,$1736
,Extremist,GTX 770 x2$820,i5 4670K$250,ASUS Z87-DELUXE$280,16GB$100,$2380
,,,,,,
20130618,Tier,Graphics,CPU,Motherboard,RAM,Total
,Minimum,HD 6570$50,G1610 $43,ASRock B75M-DGS$50,4GB$43,$322
,Entry,HD 7750$95,G2020$62,ASRock B75M-DGS$50,4GB$43,$386
,Fair,GTX 650 Ti$130,965$95,ASRock 970 EXTREME3$85,4GB$43,$552
,Good,650 Ti Boost 1GB$150,965$95,GIGABYTE GA-970A-UD3$110,4GB$43,$587
,Very good,650 Ti Boost 2GB$170,i3 2120$122,MSI Z77A-G45$113,4GB$43,$647
,Great,GTX 660$210,FX 6300$120,GIGABYTE GA-990FXA-UD3$138,8GB$62,$811
,Excellent,GTX 660 Ti$290,i5 4670$230,ASRock Z87 Extreme4$160,8GB$62,$1124
,Exceptional,GTX 770$400,i5 4670K$240,GIGABYTE Z87X-UD3H$170,8GB$62,$1482
,Enthusiast,GTX 660 Ti x2$580,i5 4670K$240,ASUS Z87-PRO$210,8GB$62,$1737
,Extremist,GTX 770 x2$800,i5 4670K$240,ASUS Z87-DELUXE$290,16GB$108,$2358
,,,,,,
20130906,Tier,Graphics,CPU,Motherboard,RAM,Total
,Minimum,HD 6570$50,G1610 $43,ASRock B75M-DGS$50,4GB$43,$322
,Entry,HD 7750$95,G2020$62,ASRock B75M-DGS$50,4GB$43,$386
,Fair,GTX 650 Ti$130,965$95,ASRock 970 EXTREME3$85,4GB$43,$552
,Good,650 Ti Boost 1GB$150,965$95,GIGABYTE GA-970A-UD3$110,4GB$43,$587
,Very good,650 Ti Boost 2GB$170,i3 2120$122,MSI Z77A-G45$113,4GB$43,$647
,Great,GTX 660$210,FX 6300$120,GIGABYTE GA-990FXA-UD3$138,8GB$62,$811
,Excellent,GTX 660 Ti$290,i5 4670$230,ASRock Z87 Extreme4$160,8GB$62,$1124
,Exceptional,GTX 770$400,i5 4670K$240,GIGABYTE Z87X-UD3H$170,8GB$62,$1482
,Enthusiast,GTX 660 Ti x2$580,i5 4670K$240,ASUS Z87-PRO$210,8GB$62,$1737
,Extremist,GTX 770 x2$800,i5 4670K$240,ASUS Z87-DELUXE$290,16GB$108,$2358
,,,,,,
20131209,Tier,Graphics,CPU,Motherboard,RAM,Total
,Minimum,HD 6570$62,G1620$43,ASRock B75M-DGS$55,4GB$43,$351
,Entry,R7 250$80,G2020$62,ASRock B75M-DGS$55,4GB$43,$399
,Fair,GTX 650 Ti$125,X4 760K$90,MSI FM2-A85XA-G43$80,4GB$43,$521
,Good,HD 7850 1GB$170,X4 760K$90,MSI FM2-A85XA-G43$80,4GB$43,$566
,Very good,HD 7850 1GB$170,i3 4330$125,ASRock Z87 PRO3$95,4GB$43,$626
,Great,GTX 660$190,FX 6300$127,ASUS M5A97 R2.0$102,8GB$70,$687
,Excellent,GTX 760$250,i5 4670$215,ASRock Z87 Extreme4$144,8GB$70,$1025
,Exceptional,GTX 760 x2$500,i5 4670K$220,MSI Z87-GD65 Gaming$188,8GB$70,$1528
,Enthusiast,GTX 770 x2$640,i5 4670K$220,GIGABYTE Z87X-UD5H$190,8GB$70,$1705
,Extremist,GTX 780 x2$1020,i5 4670K$225,ASUS Z87-DELUXE$270,16GB$145,$2494
,,,,,,
20140421,Tier,Graphics,CPU,Motherboard,RAM,Total
,Minimum,HD 6570$62,G1620$43,ASRock B75M-DGS$55,4GB$43,$351
,Entry,R7 250$80,G2020$62,ASRock B75M-DGS$55,4GB$43,$399
,Fair,GTX 650 Ti$125,X4 760K$90,MSI FM2-A85XA-G43$80,4GB$43,$521
,Good,HD 7850 1GB$170,X4 760K$90,MSI FM2-A85XA-G43$80,4GB$43,$566
,Very good,HD 7850 1GB$170,i3 4330$125,ASRock Z87 PRO3$95,4GB$43,$626
,Great,GTX 660$190,FX 6300$127,ASUS M5A97 R2.0$102,8GB$70,$687
,Excellent,GTX 760$250,i5 4670$215,ASRock Z87 Extreme4$144,8GB$70,$1025
,Exceptional,GTX 760 x2$500,i5 4670K$220,MSI Z87-GD65 Gaming$188,8GB$70,$1528
,Enthusiast,GTX 770 x2$640,i5 4670K$220,GIGABYTE Z87X-UD5H$190,8GB$70,$1705
,Extremist,GTX 780 x2$1020,i5 4670K$225,ASUS Z87-DELUXE$270,16GB$145,$2494
,,,,,,
20140625,Tier,Graphics,CPU,Motherboard,RAM,Total
,Minimum,HD 6570$62,G1620$43,ASRock B75M-DGS$55,4GB$43,$351
,Entry,R7 250$80,G2020$62,ASRock B75M-DGS$55,4GB$43,$399
,Fair,GTX 650 Ti$125,X4 760K$90,MSI FM2-A85XA-G43$80,4GB$43,$521
,Good,HD 7850 1GB$170,X4 760K$90,MSI FM2-A85XA-G43$80,4GB$43,$566
,Very good,HD 7850 1GB$170,i3 4330$125,ASRock Z87 PRO3$95,4GB$43,$626
,Great,GTX 660$190,FX 6300$127,ASUS M5A97 R2.0$102,8GB$70,$687
,Excellent,GTX 760$250,i5 4670$215,ASRock Z87 Extreme4$144,8GB$70,$1025
,Exceptional,GTX 760 x2$500,i5 4670K$220,MSI Z87-GD65 Gaming$188,8GB$70,$1528
,Enthusiast,GTX 770 x2$640,i5 4670K$220,GIGABYTE Z87X-UD5H$190,8GB$70,$1705
,Extremist,GTX 780 x2$1020,i5 4670K$225,ASUS Z87-DELUXE$270,16GB$145,$2494
,,,,,,
20141001,Tier,Graphics,CPU,Motherboard,RAM,Total
,Minimum,R7 240$66,G3220$57,MSI H81M-P33$45,4GB$34,$336
,Entry,R7 250X$90,G3220$57,GIGABYTE GA-H81-D3$65,4GB$34,$386
,Fair,GTX 750 Ti$140,X4 760K$78,GIGABYTE GA-F2A88XM-D3H$70,4GB$34,$499
,Good,R7 265$150,X4 760K$78,MSI A88X-G43$83,4GB$34,$522
,Very good,R9 270$157,FX 6300$94,ASUS M5A97 R2.0$90,4GB$34,$565
,Great,R9 280$190,i3 4150$118,ASRock H97 Pro4$84,8GB$64,$646
,Excellent,R9 290$250,i5 4430$180,MSI Z97-G45 Gaming$143,8GB$64,$965
,Exceptional,R9 290 x2$500,i5 4690K$235,MSI Z97-GD65$150,8GB$64,$1411
,Enthusiast,R9 290X x2$660,i5 4690K$235,ASUS Z97-PRO$163,8GB$64,$1670
,Extremist,R9 290X x2$660,i7 5820K$390,MSI X99S SLI Plus$210,16GB DDR4$210,$2266
,,,,,,
20141230,Tier,Graphics,CPU,Motherboard,RAM,Total
,Minimum,R7 240$66,G3220$57,MSI H81M-P33$45,4GB$34,$336
,Entry,R7 250X$90,G3220$57,GIGABYTE GA-H81-D3$65,4GB$34,$386
,Fair,GTX 750 Ti$140,X4 760K$78,GIGABYTE GA-F2A88XM-D3H$70,4GB$34,$499
,Good,R7 265$150,X4 760K$78,MSI A88X-G43$83,4GB$34,$522
,Very good,R9 270$157,FX 6300$94,ASUS M5A97 R2.0$90,4GB$34,$565
,Great,R9 280$190,i3 4150$118,ASRock H97 Pro4$84,8GB$64,$646
,Excellent,R9 290$250,i5 4430$180,MSI Z97-G45 Gaming$143,8GB$64,$965
,Exceptional,R9 290 x2$500,i5 4690K$235,MSI Z97-GD65$150,8GB$64,$1411
,Enthusiast,R9 290X x2$660,i5 4690K$235,ASUS Z97-PRO$163,8GB$64,$1670
,Extremist,R9 290X x2$660,i7 5820K$390,MSI X99S SLI Plus$210,16GB DDR4$210,$2266
,,,,,,
20150401,Tier,Graphics,CPU,Motherboard,RAM,Total
,Minimum,R7 240$70,G3220$57,MSI H81M-P33$45,4GB$34,$348
,Entry,R7 250X$90,G3220$57,GIGABYTE GA-H81-D3$65,4GB$34,$388
,Fair,GTX 750 Ti$140,X4 760K$78,GIGABYTE GA-F2A88XM-D3H$70,4GB$34,$498
,Good,R7 265$150,X4 760K$78,GIGABYTE GA-F2A88X-D3H$80,4GB$34,$518
,Very good,GTX 660$150,FX 6300$110,GIGABYTE GA-970A-UD3P$85,4GB$34,$558
,Great,R9 280$190,i3 4160$118,ASRock H97 Pro4$84,8GB$60,$631
,Excellent,R9 290$300,i5 4430$185,MSI Z97-G45 Gaming$140,8GB$60,$1002
,Exceptional,GTX 980$550,i5 4690K$215,GIGABYTE GA-Z97X-UD5H$175,8GB$60,$1479
,Enthusiast,GTX 970 x2$660,i5 4690K$215,GIGABYTE GA-Z97X-UD5H$175,8GB$60,$1654
,Extremist,R9 290X x2$680,i7 5820K$387,MSI X99S SLI Plus$200,16GB DDR4$180,$2242
,,,,,,
20150702,Tier,Graphics,CPU,Motherboard,RAM,Total
,Minimum,R7 240$70,G3220$57,MSI H81M-P33$46,4GB$30,$342
,Entry,R7 250X$95,G3220$57,GIGABYTE GA-B85M-D3H$71,4GB$30,$392
,Fair,R7 260X$115,X4 860K$75,GIGABYTE GA-F2A88XM-D3H$70,4GB$30,$449
,Good,R7 265$145,X4 860K$75,GIGABYTE GA-F2A88X-D3H$78,4GB$30,$487
,Very good,R9 270$150,FX 6300$97,GIGABYTE GA-970A-UD3P$75,4GB$30,$534
,Great,R9 280$190,i3 4160$117,ASRock H97 Pro4$84,8GB$56,$629
,Excellent,R9 290$280,i5 4430$185,GIGABYTE GA-Z97X-UD3H$140,8GB$56,$981
,Exceptional,GTX 980$500,i5 4690K$236,GIGABYTE GA-Z97X-UD5H$175,8GB$56,$1430
,Enthusiast,R9 290X x2$630,i5 4690K$236,GIGABYTE GA-Z97X-UD5H$175,8GB$56,$1644
,Extremist,GTX 980 x2$1000,i7 5820K$390,MSI X99S SLI Plus$220,16GB DDR4$120,$2475
,,,,,,
20151006,Tier,Graphics,CPU,Motherboard,RAM,Total
,Minimum,R7 240$70,G1840$48,MSI H81M-P33$46,4GB$21,$327
,Entry,R7 250X$90,G1840$48,ASRock H97M Anniversary$60,4GB$21,$361
,Fair,GTX 750 Ti$110,X4 860K$75,Gigabyte F2A88XM-D3H$69,4GB$21,$432
,Good,R7 265$130,X4 860K$75,Gigabyte F2A88X-D3H$75,4GB$21,$458
,Very good,GTX 950$155,FX 6300$100,MSI 970 Gaming$80,4GB$21,$533
,Great,GTX 960$180,i3 4170$115,ASRock H97 Pro4$84,8GB$38,$594
,Excellent,R9 290$300,i5 4430$184,Gigabyte Z97X-UD3H$130,8GB$38,$963
,Exceptional,GTX 980$490,i5 4690K$235,Gigabyte Z97X-UD7$175,8GB$38,$1367
,Enthusiast,R9 390 x2$620,i5 6600K$250,ASUS Z170 Pro Gaming$163,8GB DDR4$46,$1586
,Extremist,GTX 980 x2$980,i7 5820K$390,MSI X99S SLI Plus$230,16GB DDR4$89,$2364
,,,,,,
20160101,FAILED +/- 1 MONTH,,,,,
,,,,,,
20160401,FAILED +/- 1 MONTH,,,,,
,,,,,,
20160702,Tier,Graphics,CPU,Motherboard,RAM,Total
,Minimum,R7 240 $60,G1840$44,MSI H81M-P33$46,4GB DDR3$16,$307
,Entry,R7 250X $85,G1840$44,Gigabyte B85M Gaming 3$60,4GB DDR3$16,$346
,Fair,GTX 750 Ti $105,X4 860K$75,Gigabyte F2A88XM-D3H$71,4GB DDR3$16,$422
,Good,R7 370 $130,X4 860K$75,Gigabyte F2A88XM-D3H$71,4GB DDR3$16,$447
,Very good,GTX 950 $150,FX 6300$98,Gigabyte 970A-UD3P$94,8GB DDR3$28,$530
,Great,GTX 960 $173,FX 6350$118,Gigabyte 970A-UD3P$94,8GB DDR3$28,$616
,Excellent,R9 390 $290,i5 6400$185,ASRock Z170 Pro4S$110,8GB DDR4$29,$952
,Exceptional,GTX 980 $460,i5 6600K$243,ASUS Z170 Pro Gaming$170,8GB DDR4$29,$1319
,Enthusiast,GTX 980 Ti $560,i5 6600K$243,ASUS Z170 Pro Gaming$170,8GB DDR4$29,$1552
,Extremist,GTX 980 x2$920,i7 5820K$390,Gigabyte X99-SLI$200,16GB DDR4$52,$2193
,,,,,,
20160929,Tier,Graphics,CPU,Motherboard,RAM,Total
,Minimum,R7 240$60,G1840$44,MSI H81M-P33$46,4GB DDR3$16,$307
,Entry,R7 250X$85,G1840$44,Gigabyte B85M Gaming 3$60,4GB DDR3$16,$346
,Fair,GTX 750 Ti$105,X4 860K$75,Gigabyte F2A88XM-D3H$71,4GB DDR3$16,$422
,Good,R7 370$130,X4 860K$75,Gigabyte F2A88XM-D3H$71,4GB DDR3$16,$447
,Very good,GTX 950$150,FX 6300$98,Gigabyte 970A-UD3P$94,8GB DDR3$28,$530
,Great,GTX 960$173,FX 6350$118,Gigabyte 970A-UD3P$94,8GB DDR3$28,$616
,Excellent,R9 390$290,i5 6400$185,ASRock Z170 Pro4S$110,8GB DDR4$29,$952
,Exceptional,GTX 980$460,i5 6600K$243,ASUS Z170 Pro Gaming$170,8GB DDR4$29,$1319
,Enthusiast,GTX 980 Ti$560,i5 6600K$243,ASUS Z170 Pro Gaming$170,8GB DDR4$29,$1552
,Extremist,GTX 980 x2$920,i7 5820K$390,Gigabyte X99-SLI$200,16GB DDR4$52,$2193
,,,,,,
20161221,Tier,Graphics,CPU,Motherboard,RAM,Total
,Minimum,R7 240$49,G3900$43,ECS H110M4-C23$47,4GB DDR4$29,$309
,Entry,R7 250X$75,G4560$63,MSI B250M Pro-VD$66,4GB DDR4$29,$374
,Fair,GTX 1050$110,G4600$90,Gigabyte B250M-DS3H$70,4GB DDR4$29,$454
,Good,GTX 1050 Ti$140,i3 7100$120,Gigabyte B250M-DS3H$70,8GB DDR4$53,$538
,Very good,RX 470$165,i3 7100$120,ASRock H270M Pro4$90,8GB DDR4$53,$627
,Great,RX 480$180,i3 7100$120,Gigabyte Z270-HD3$115,8GB DDR4$53,$754
,Excellent,GTX 1070$370,i5 7400$190,ASRock Z270 Killer$140,8GB DDR4$53,$1074
,Exceptional,GTX 1080$500,i7 7700K$340,MSI Z270 Gaming Pro$165,8GB DDR4$55,$1599
,Enthusiast,GTX 1080 Ti$700,R7 1700$330,MSI X370 Carbon$180,16GB DDR4$110,$1987
,Extremist,GTX 1080 x2$1000,i7 6900K$1022,Gigabyte X99 Phoenix SLI$340,16GB DDR4$110,$3447
,,,,,,
20170409,Tier,Graphics,CPU,Motherboard,RAM,Total
,Minimum,R7 240$49,G3900$43,ECS H110M4-C23$47,4GB DDR4$29,$309
,Entry,R7 250X$75,G4560$63,MSI B250M Pro-VD$66,4GB DDR4$29,$374
,Fair,GTX 1050$110,G4600$90,Gigabyte B250M-DS3H$70,4GB DDR4$29,$454
,Good,GTX 1050 Ti$140,i3 7100$120,Gigabyte B250M-DS3H$70,8GB DDR4$53,$538
,Very good,RX 470$165,i3 7100$120,ASRock H270M Pro4$90,8GB DDR4$53,$627
,Great,RX 480$180,i3 7100$120,Gigabyte Z270-HD3$115,8GB DDR4$53,$754
,Excellent,GTX 1070$370,i5 7400$190,ASRock Z270 Killer$140,8GB DDR4$53,$1074
,Exceptional,GTX 1080$500,i7 7700K$340,MSI Z270 Gaming Pro$165,8GB DDR4$55,$1599
,Enthusiast,GTX 1080 Ti$700,R7 1700$330,MSI X370 Carbon$180,16GB DDR4$110,$1987
,Extremist,GTX 1080 x2$1000,i7 6900K$1022,Gigabyte X99 Phoenix SLI$340,16GB DDR4$110,$3447
,,,,,,
20170702,Tier,Graphics,CPU,Motherboard,RAM,Total
,Minimum,R7 240$49,G3900$43,ECS H110M4-C23$47,4GB DDR4$29,$309
,Entry,R7 250X$75,G4560$63,MSI B250M Pro-VD$66,4GB DDR4$29,$374
,Fair,GTX 1050$110,G4600$90,Gigabyte B250M-DS3H$70,4GB DDR4$29,$454
,Good,GTX 1050 Ti$140,i3 7100$120,Gigabyte B250M-DS3H$70,8GB DDR4$53,$538
,Very good,RX 470$165,i3 7100$120,ASRock H270M Pro4$90,8GB DDR4$53,$627
,Great,RX 480$180,i3 7100$120,Gigabyte Z270-HD3$115,8GB DDR4$53,$754
,Excellent,GTX 1070$370,i5 7400$190,ASRock Z270 Killer$140,8GB DDR4$53,$1074
,Exceptional,GTX 1080$500,i7 7700K$340,MSI Z270 Gaming Pro$165,8GB DDR4$55,$1599
,Enthusiast,GTX 1080 Ti$700,R7 1700$330,MSI X370 Carbon$180,16GB DDR4$110,$1987
,Extremist,GTX 1080 x2$1000,i7 6900K$1022,Gigabyte X99 Phoenix SLI$340,16GB DDR4$110,$3447
,,,,,,
20171002,Tier,Graphics,CPU,Motherboard,RAM,Total
,Minimum,R7 240$49,G3900$43,ECS H110M4-C23$47,4GB DDR4$29,$309
,Entry,R7 250X$75,G4560$63,MSI B250M Pro-VD$66,4GB DDR4$29,$374
,Fair,GTX 1050$110,G4600$90,Gigabyte B250M-DS3H$70,4GB DDR4$29,$454
,Good,GTX 1050 Ti$140,i3 7100$120,Gigabyte B250M-DS3H$70,8GB DDR4$53,$538
,Very good,RX 470$165,i3 7100$120,ASRock H270M Pro4$90,8GB DDR4$53,$627
,Great,RX 480$180,i3 7100$120,Gigabyte Z270-HD3$115,8GB DDR4$53,$754
,Excellent,GTX 1070$370,i5 7400$190,ASRock Z270 Killer$140,8GB DDR4$53,$1074
,Exceptional,GTX 1080$500,i7 7700K$340,MSI Z270 Gaming Pro$165,8GB DDR4$55,$1599
,Enthusiast,GTX 1080 Ti$700,R7 1700$330,MSI X370 Carbon$180,16GB DDR4$110,$1987
,Extremist,GTX 1080 x2$1000,i7 6900K$1022,Gigabyte X99 Phoenix SLI$340,16GB DDR4$110,$3447
,,,,,,
20171227,Tier,Graphics,CPU,Motherboard,RAM,Total
,Minimum,R7 240$49,G3900$43,ECS H110M4-C23$47,4GB DDR4$29,$309
,Entry,R7 250X$75,G4560$63,MSI B250M Pro-VD$66,4GB DDR4$29,$374
,Fair,GTX 1050$110,G4600$90,Gigabyte B250M-DS3H$70,4GB DDR4$29,$454
,Good,GTX 1050 Ti$140,i3 7100$120,Gigabyte B250M-DS3H$70,8GB DDR4$53,$538
,Very good,RX 470$165,i3 7100$120,ASRock H270M Pro4$90,8GB DDR4$53,$627
,Great,RX 480$180,i3 7100$120,Gigabyte Z270-HD3$115,8GB DDR4$53,$754
,Excellent,GTX 1070$370,i5 7400$190,ASRock Z270 Killer$140,8GB DDR4$53,$1074
,Exceptional,GTX 1080$500,i7 7700K$340,MSI Z270 Gaming Pro$165,8GB DDR4$55,$1599
,Enthusiast,GTX 1080 Ti$700,R7 1700$330,MSI X370 Carbon$180,16GB DDR4$110,$1987
,Extremist,GTX 1080 x2$1000,i7 6900K$1022,Gigabyte X99 Phoenix SLI$340,16GB DDR4$110,$3447
,,,,,,
20180330,Tier,Graphics,CPU,Motherboard,RAM,Total
,Minimum,R7 240$49,G3900$43,ECS H110M4-C23$47,4GB DDR4$29,$309
,Entry,R7 250X$75,G4560$63,MSI B250M Pro-VD$66,4GB DDR4$29,$374
,Fair,GTX 1050$110,G4600$90,Gigabyte B250M-DS3H$70,4GB DDR4$29,$454
,Good,GTX 1050 Ti$140,i3 7100$120,Gigabyte B250M-DS3H$70,8GB DDR4$53,$538
,Very good,RX 470$165,i3 7100$120,ASRock H270M Pro4$90,8GB DDR4$53,$627
,Great,RX 480$180,i3 7100$120,Gigabyte Z270-HD3$115,8GB DDR4$53,$754
,Excellent,GTX 1070$370,i5 7400$190,ASRock Z270 Killer$140,8GB DDR4$53,$1074
,Exceptional,GTX 1080$500,i7 7700K$340,MSI Z270 Gaming Pro$165,8GB DDR4$55,$1599
,Enthusiast,GTX 1080 Ti$700,R7 1700$330,MSI X370 Carbon$180,16GB DDR4$110,$1987
,Extremist,GTX 1080 x2$1000,i7 6900K$1022,Gigabyte X99 Phoenix SLI$340,16GB DDR4$110,$3447
,,,,,,
20180701,FAILED +/- 1 MONTH,,,,,
,,,,,,
20181001,FAILED +/- 1 MONTH,,,,,
,,,,,,
20190104,Tier,Graphics,CPU,Motherboard,RAM,Total
,Minimum,Vega 11$0,R5 2400G$150,ASRock B450M-HDV$60,4GB DDR4$20,$359
,Entry,RX 560$100,R5 1600$130,GIGABYTE B450M DS3...$75,4GB DDR4$20,$459
,Fair,RX 570$140,R5 1600$130,MSI B450M Gaming$85,4GB DDR4$20,$527
,Good,RX 570$140,R5 2600$165,MSI B450-A Pro$90,8GB DDR4$36,$608
,Very good,GTX 1660$220,R5 2600X$190,MSI X470 Gaming Pl...$135,8GB DDR4$36,$765
,Great,GTX 1660 Ti$280,i5 9600K$265,MSI Z390-A Pro$130,8GB DDR4$36,$985
,Excellent,RTX 2060$350,i7 8700$300,Gigabyte Z390 SLI$152,8GB DDR4$36,$1122
,Exceptional,RTX 2080$700,i7 8700K$366,MSI Z390 Carbon$189,8GB DDR4$50,$1771
,Enthusiast,RTX 2080 Ti$1200,i9 9900K$490,MSI Z390 Carbon$189,16GB DDR4$90,$2553
,Extremist,RTX 2080 x2$1400,TR 2920X$650,Gigabyte X399 Aoru...$280,16GB DDR4$90,$3187
,,,,,,
20190401,Tier,Graphics,CPU,Motherboard,RAM,Total
,Minimum,Vega 11$0,R5 2400G$150,ASRock B450M-HDV$60,4GB DDR4$20,$359
,Entry,RX 560$100,R5 1600$130,GIGABYTE B450M DS3...$75,4GB DDR4$20,$459
,Fair,RX 570$140,R5 1600$130,MSI B450M Gaming$85,4GB DDR4$20,$527
,Good,RX 570$140,R5 2600$165,MSI B450-A Pro$90,8GB DDR4$36,$608
,Very good,GTX 1660$220,R5 2600X$190,MSI X470 Gaming Pl...$135,8GB DDR4$36,$765
,Great,GTX 1660 Ti$280,i5 9600K$265,MSI Z390-A Pro$130,8GB DDR4$36,$985
,Excellent,RTX 2060$350,i7 8700$300,Gigabyte Z390 SLI$152,8GB DDR4$36,$1122
,Exceptional,RTX 2080$700,i7 8700K$366,MSI Z390 Carbon$189,8GB DDR4$50,$1771
,Enthusiast,RTX 2080 Ti$1200,i9 9900K$490,MSI Z390 Carbon$189,16GB DDR4$90,$2553
,Extremist,RTX 2080 x2$1400,TR 2920X$650,Gigabyte X399 Aoru...$280,16GB DDR4$90,$3187
,,,,,,
20190702,Tier,Graphics,CPU,Motherboard,RAM,Total
,Minimum,Vega 11$0,R5 2400G$150,ASRock B450M-HDV$60,4GB DDR4$20,$354
,Entry,RX 560$100,R5 1600$130,GIGABYTE B450M DS3...$75,4GB DDR4$20,$454
,Fair,RX 570$140,R5 1600$130,MSI B450M Gaming$85,4GB DDR4$20,$522
,Good,RX 570$140,R5 2600$165,MSI B450-A Pro$90,8GB DDR4$36,$603
,Very good,GTX 1660$220,R5 2600X$190,MSI X470 Gaming Pl...$135,8GB DDR4$36,$765
,Great,GTX 1660 Ti$280,i5 9600K$265,MSI Z390-A Pro$130,8GB DDR4$36,$985
,Excellent,RTX 2060$350,i7 8700$300,Gigabyte Z390 SLI$152,8GB DDR4$36,$1122
,Exceptional,RTX 2080$700,i7 8700K$366,MSI Z390 Carbon$189,8GB DDR4$50,$1738
,Enthusiast,RTX 2080 Ti$1200,i9 9900K$490,MSI Z390 Carbon$189,16GB DDR4$90,$2518
,Extremist,RTX 2080 x2$1400,TR 2920X$650,Gigabyte X399 Aoru...$280,16GB DDR4$90,$3187
,,,,,,
20191002,Tier,Graphics,CPU,Motherboard,RAM,Total
,Minimum,Vega 11$0,R5 2400G$119,ASRock B450M-HDV$65,4GB DDR4$22,$349
,Entry,RX 560$100,R5 1600$110,GIGABYTE B450M DS3...$73,4GB DDR4$22,$448
,Fair,RX 570$130,R5 2600$130,MSI B450-A Pro$90,8GB DDR4$39,$594
,Good,RX 580$169,R5 2600X$150,MSI B450-A Pro$90,8GB DDR4$39,$669
,Very good,GTX 1660$230,R7 2700$183,MSI X470 Gaming Pl...$135,8GB DDR4$39,$835
,Great,GTX 1660 Ti$270,R7 2700X$198,MSI X470 Gaming Pl...$135,8GB DDR4$39,$937
,Excellent,RTX 2060S$400,R7 3700X$330,ASUS X570-Plus$190,16GB DDR4$71,$1319
,Exceptional,RTX 2080S$700,i9 9900K$495,MSI Z390 Carbon$189,16GB DDR4$71,$1945
,Enthusiast,RTX 2080 Ti$1100,R9 3900X$715,GIGABYTE X570 Elit...$200,16GB DDR4$71,$2661
,Extremist,RTX 2080S x2$1400,TR 2950X$801,Gigabyte X399 Aoru...$280,32GB DDR4$135,$3385
,,,,,,
20200105,Tier,Graphics,CPU,Motherboard,RAM,Total
,Minimum,Vega 11 $0,R5 2400G $149,GIGABYTE B450M DS3H $72,4GB DDR4 $19,$364
,Entry,RX 560 $100,R5 1600 $118,GIGABYTE B450M DS3H $72,4GB DDR4 $19,$433
,Fair,RX 570 $120,R5 2600 $115,GIGABYTE B450 AORUS M $85,8GB DDR4 $31,$540
,Good,GTX 1650S $160,R5 2600X $139,MSI B450-A Pro $100,8GB DDR4 $31,$637
,Very Good,GTX 1660S $230,R7 2700 $150,MSI X470 Gaming Plus $110,8GB DDR4 $31,$745
,Great,GTX 1660S $230,R5 3600 $190,ASRock X570 Gaming 4 $149,8GB DDR4 $31,$895
,Excellent,RTX 2060S $400,R7 3700X $330,ASRock X570 Steel $185,16GB DDR4 $67,$1302
,Exceptional,RTX 2080S $705,i9 9900K $495,GIGABYTE Z390 Aorus $190,16GB DDR4 $67,$1961
,Enthusiast,RTX 2080 Ti $1100,R9 3900X $494,ASRock X570 Steel $185,16GB DDR4 $67,$2461
,Extremist,RTX 2080S x2$1440,R9 3950X$769,ASUS X570-Pro$235,32GB DDR4$121,$3353
,,,,,,
20200402,Tier,Graphics,CPU,Motherboard,RAM,Total
,Minimum,Vega 11 $0,R5 3400G $160,ASRock B450M Pro4 $70,4GB DDR4 $21,$405
,Entry,RX 560 $100,R5 1600AF $85,GIGABYTE B450M DS3H $73,4GB DDR4 $21,$433
,Fair,GTX 1650S $160,R5 2600 $146,GIGABYTE B450 AORUS M $85,8GB DDR4 $36,$644
,Good,GTX 1660S $230,R5 2600X $160,ASRock Fatal1ty B450 K4 $95,8GB DDR4 $36,$756
,Very Good,GTX 1660 Ti $280,R5 3600 $175,MSI X470 Gaming Plus $129,8GB DDR4 $36,$884
,Great,RX 5600XT $290,R5 3600 $175,MSI X570-A PRO $140,8GB DDR4 $36,$959
,Excellent,RX 5700XT $390,R7 3700X $300,ASUS X570-Plus $165,16GB DDR4 $70,$1289
,Exceptional,RTX 2080S $700,i9 9900K $550,GIGABYTE Z390 Aorus $190,16GB DDR4 $70,$2023
,Enthusiast,RTX 2080 Ti $1100,R9 3900X $500,ASRock X570 Steel $180,16GB DDR4 $70,$2468
,Extremist,RTX 2080S x2$1400,R9 3950X$750,ASUS X570-Pro$242,32GB DDR4$134,$3354
,,,,,,
20200630,Tier,Graphics,CPU,Motherboard,RAM,Total
,Minimum,Vega 11 $0,R5 3400G $160,GIGABYTE B450M DS3H $73,4GB DDR4 $22,$393
,Entry,RX 560 $100,R3 3100 $100,MSI B450M Pro $75,4GB DDR4 $22,$457
,Fair,GTX 1650S $170,R3 3300X $120,MSI B450 Gaming Plus $105,8GB DDR4 $40,$669
,Good,GTX 1660S $230,R5 3600 $167,MSI B450 Gaming Plus $105,8GB DDR4 $40,$792
,Very Good,RX 5600XT $270,R5 3600 $167,MSI B450 Gaming Plus $105,8GB DDR4 $40,$852
,Great,RX 5600XT $270,R5 3600X $205,ASRock X570 Gaming 4 $144,8GB DDR4 $40,$976
,Excellent,RX 5700XT $380,i5 10600K $260,ASRock Z490 Gaming 4 $150,16GB DDR4 $63,$1264
,Exceptional,RTX 2080S $720,i7 10700K $400,Gigabyte Z490 UD $170,16GB DDR4 $63,$1883
,Enthusiast,RTX 2080 Ti $1200,R9 3900X $415,ASRock X570 Steel $180,16GB DDR4 $63,$2516
,Extremist,RTX 2080S x2$1440,R9 3950X$700,ASUS X570-Pro$250,32GB DDR4$115,$3347
,,,,,,
20200929,Tier,Graphics,CPU,Motherboard,RAM,Total
,Minimum,Vega 11 $0,R5 3400G $148,GIGABYTE B450M DS3H $75,4GB DDR4 $23,$381
,Entry,RX 560 $109,R3 3100 $130,GIGABYTE A520M DS3H $75,4GB DDR4 $23,$497
,Fair,GTX 1650S $170,R3 3300X $145,MSI X470 Gaming Plus $120,8GB DDR4 $42,$701
,Good,GTX 1660S $230,R5 3600 $174,MSI X470 Gaming Plus $120,8GB DDR4 $42,$805
,Very Good,RX 5600XT $270,R5 3600 $174,MSI X470 Gaming Plus $120,8GB DDR4 $42,$855
,Great,RX 5600XT $270,R5 3600 $174,ASUS X570-P $150,8GB DDR4 $42,$961
,Excellent,RX 5700XT $380,i5 10600K $290,ASRock Z490 Gaming 4 $130,16GB DDR4 $59,$1204
,Exceptional,RTX 3080 $700,i7 10700K $410,Gigabyte Z490 UD $170,16GB DDR4 $59,$1892
,Enthusiast,RTX 3080 $700,R9 3900X $429,ASRock X570 Steel $200,16GB DDR4 $59,$2068
,Extremist,RTX 3090$1500,R9 3950X$688,ASUS X570-Pro$244,32GB DDR4$115,$3462
,,,,,,
20210112,Tier,Graphics,CPU,Motherboard,RAM,Total
,Minimum,Vega 11 $0,R5 3400G $184,GIGABYTE B450M DS3H $63,4GB DDR4 $23,$431
,Entry,RX 560 $109,R3 3100 $119,MSI B450M Pro $75,4GB DDR4 $23,$502
,Fair,GTX 1650S $170,R3 3300X $135,MSI B450 Gaming Plus $105,8GB DDR4 $43,$682
,Good,GTX 1660S $230,R5 3600X $240,MSI B450 Gaming Plus $105,8GB DDR4 $43,$867
,Very Good,RX 5600XT $270,R5 3600X $240,MSI B450 Gaming Plus $105,8GB DDR4 $43,$922
,Great,RX 5600XT $270,R5 3600X $240,ASUS X570-P $149,8GB DDR4 $43,$1009
,Excellent,RTX 3060 Ti $400,R5 5600X $300,ASUS X570-P $149,16GB DDR4 $70,$1248
,Exceptional,RTX 3080 $700,R7 5800X $450,ASUS X570-Plus $161,16GB DDR4 $70,$1927
,Enthusiast,RTX 3080 $700,R9 5900X $555,GIGABYTE X570 Elite $180,16GB DDR4 $70,$2147
,Extremist,RX 6900XT$1000,R9 5950X$800,ASUS X570-Pro$240,32GB DDR4$128,$3064
,,,,,,
20210327,Tier,Graphics,CPU,Motherboard,RAM,Total
,Minimum,Vega 11 $0,R5 3400G $184,ASRock B450M Pro4 $83,4GB DDR4 $22,$452
,Entry,RX 560 $109,R3 3100 $119,MSI B450M Pro $75,4GB DDR4 $22,$510
,Fair,GTX 1650S $170,R3 3300X $135,MSI X470 Gaming Plus $100,8GB DDR4 $52,$709
,Good,GTX 1660S $230,R5 3600X $240,MSI X470 Gaming Plus $100,8GB DDR4 $52,$889
,Very Good,RX 5600XT $270,R5 3600X $240,MSI X470 Gaming Plus $100,8GB DDR4 $52,$939
,Great,RX 5600XT $270,R5 3600X $240,ASUS X570-P $150,8GB DDR4 $52,$1028
,Excellent,RTX 3060 Ti $400,R5 5600X $300,ASUS X570-P $150,16GB DDR4 $78,$1265
,Exceptional,RTX 3080 $700,R7 5800X $450,ASRock X570 Steel $185,16GB DDR4 $78,$1945
,Enthusiast,RTX 3080 $700,R9 5900X $555,ASRock X570 Steel $185,16GB DDR4 $78,$2143
,Extremist,RX 6900XT$1000,R9 5950X$800,ASUS X570-Pro$250,32GB DDR4$144,$3237
,,,,,,
20210629,Tier,Graphics,CPU,Motherboard,RAM,Total
,Minimum,Vega 11 $0,R5 3400G $184,ASRock B450M Pro4 $83,4GB DDR4 $36,$461
,Entry,RX 560 $109,R3 3100 $130,MSI B450M Pro $75,4GB DDR4 $36,$510
,Fair,GTX 1650S $170,i5 11400 $180,ASRock B560M PRO4 $105,8GB DDR4 $56,$728
,Good,GTX 1660S $230,i5 11400 $180,ASRock B560M PRO4 $105,8GB DDR4 $56,$808
,Very Good,RX 5600XT $270,i5 11400 $180,ASRock B560M PRO4 $105,8GB DDR4 $56,$873
,Great,RX 5600XT $270,i5 11600K $265,ASRock Z590 Phantom 4 $150,8GB DDR4 $56,$1037
,Excellent,RTX 3060 Ti $400,R5 5600X $410,ASUS X570-P $150,16GB DDR4 $86,$1376
,Exceptional,RTX 3080 $700,R7 5800X $449,ASRock X570 Steel $185,16GB DDR4 $86,$1940
,Enthusiast,RTX 3080 $700,R9 5900X $900,ASRock X570 Steel $185,16GB DDR4 $86,$2486
,Extremist,RX 6900XT$1000,R9 5950X$1275,ASUS X570-Pro$250,32GB DDR4$180,$3708
,,,,,,
20210925,Tier,Graphics,CPU,Motherboard,RAM,Total
,Minimum,Vega 11 $0,R5 3400G $200,ASRock B450M Pro4 $70,4GB DDR4 $23,$454
,Entry,RX 550 $160,R3 3100 $130,MSI B450M Pro $70,4GB DDR4 $23,$561
,Fair,GTX 1650S $425,i5 11400F $184,ASUS B560-PLUS $120,8GB DDR4 $50,$1008
,Good,RX 590 $536,i5 11400F $184,ASUS B560-PLUS $120,8GB DDR4 $50,$1139
,Very Good,GTX 1660 Ti $584,i5 11400F $184,ASRock Z590 Phantom 4 $170,8GB DDR4 $50,$1257
,Great,RTX 2060 $750,i5 11600K $280,ASRock Z590 Phantom 4 $170,8GB DDR4 $50,$1550
,Excellent,RX 6600XT $1000,R5 5600X $280,ASUS X570-P $157,16GB DDR4 $79,$1836
,Exceptional,RX 6700XT $1100,R7 5800X $398,ASRock X570 Steel $196,16GB DDR4 $79,$2292
,Enthusiast,RTX 3070 Ti $1500,R9 5900X $549,ASRock X570 Steel $196,16GB DDR4 $79,$2938
,Extremist,RX 6800XT$1596,R9 5950X$800,ASRock X570 TAICHI$260,32GB DDR4$143,$3696
,,,,,,
20220104,Tier,Graphics,CPU,Motherboard,RAM,Total
,Minimum,Vega 11 $0,R5 3400G $200,ASRock B450M Pro4 $70,4GB DDR4 $23,$454
,Entry,RX 550 $160,R3 3100 $130,MSI B450M Pro $70,4GB DDR4 $23,$561
,Fair,GTX 1650S $425,i5 11400F $184,ASUS B560-PLUS $120,8GB DDR4 $50,$1008
,Good,RX 590 $536,i5 11400F $184,ASUS B560-PLUS $120,8GB DDR4 $50,$1139
,Very Good,GTX 1660 Ti $584,i5 11400F $184,ASRock Z590 Phantom 4 $170,8GB DDR4 $50,$1257
,Great,RTX 2060 $750,i5 11600K $280,ASRock Z590 Phantom 4 $170,8GB DDR4 $50,$1550
,Excellent,RX 6600XT $1000,R5 5600X $280,ASUS X570-P $157,16GB DDR4 $79,$1836
,Exceptional,RX 6700XT $1100,i7 12700K $450,GIGABYTE Z690 UD $200,16GB DDR4 $79,$2348
,Enthusiast,RTX 3070 Ti $1500,i7 12700K $450,GIGABYTE Z690 UD $200,16GB DDR4 $79,$2843
,Extremist,RX 6800XT$1596,i9 12900K$969,GIGABYTE Z690 UD$200,32GB DDR4$143,$3819
,,,,,,
20220402,Tier,Graphics,CPU,Motherboard,RAM,Total
,Minimum,Vega 7 $0,R5 5600G $209,ASRock B450M Pro4 $65,4GB DDR4 $20,$463
,Entry,RX 550 $160,i3 12100F $117,GIGABYTE H610M S2H $100,4GB DDR4 $20,$580
,Fair,GTX 1660S $350,i3 12100F $117,ASUS H610M-A $110,8GB DDR4 $50,$818
,Good,GTX 1660S $350,i5 12400F $180,MSI B660M-A $140,8GB DDR4 $50,$977
,Very Good,GTX 1660S $350,i5 12400F $180,MSI B660M-A $140,8GB DDR4 $50,$991
,Great,RTX 2060 $400,i5 12400F $180,MSI B660M-A $140,8GB DDR4 $50,$1063
,Excellent,RX 6600XT $470,i5 12600K $280,GIGABYTE Z690 UD $200,16GB DDR4 $79,$1390
,Exceptional,RTX 3070 Ti $820,i7 12700K $385,GIGABYTE Z690 UD $200,16GB DDR4 $79,$1969
,Enthusiast,RX 6800XT $1100,i7 12700K $385,GIGABYTE Z690 UD $200,16GB DDR4 $79,$2334
,Extremist,RX 6900XT$1200,i9 12900K$614,GIGABYTE Z690 UD$200,32GB DDR4$143,$2981
,,,,,,
20220701,Tier,Graphics,CPU,Motherboard,RAM,Total
,Minimum,Vega 7 $0,R5 5600G $209,ASRock B450M Pro4 $65,4GB DDR4 $18,$459
,Entry,RX 550 $160,i3 12100F $117,GIGABYTE H610M S2H $100,4GB DDR4 $18,$576
,Fair,GTX 1660S $350,i3 12100F $117,ASUS H610M-A $110,8GB DDR4 $30,$801
,Good,GTX 1660S $350,i5 12400F $180,MSI B660M-A $140,8GB DDR4 $30,$960
,Very Good,GTX 1660S $350,i5 12400F $180,MSI B660M-A $140,8GB DDR4 $30,$974
,Great,RTX 2060 $400,i5 12400F $180,MSI B660M-A $140,8GB DDR4 $30,$1046
,Excellent,RX 6600XT $470,i5 12600K $280,GIGABYTE Z690 UD $200,16GB DDR4 $53,$1375
,Exceptional,RTX 3070 Ti $820,i7 12700K $385,GIGABYTE Z690 UD $200,16GB DDR4 $53,$1954
,Enthusiast,RX 6800XT $1100,i7 12700K $385,GIGABYTE Z690 UD $200,16GB DDR4 $53,$2319
,Extremist,RX 6900XT$1200,i9 12900K$614,GIGABYTE Z690 UD$200,32GB DDR4$110,$2961
,,,,,,
20221002,Tier,Graphics,CPU,Motherboard,RAM,Total
,Minimum,Vega 7 $0,R5 5600G $150,GIGABYTE B450M DS3H $73,4GB DDR4 $15,$396
,Entry,RX 550 $85,i3 12100F $97,GIGABYTE H610M S2H $95,4GB DDR4 $15,$475
,Fair,RX 6600 $280,i3 12100F $97,ASUS H610M-A $110,8GB DDR4 $28,$711
,Good,RX 6600 $280,i5 12400F $163,ASUS B660 D4 $120,8GB DDR4 $28,$849
,Very Good,RX 6650XT $360,i5 12400F $163,ASUS B660 D4 $120,8GB DDR4 $28,$944
,Great,RX 6700XT $449,i5 12400F $163,ASUS B660 D4 $120,8GB DDR4 $28,$1058
,Excellent,RX 6750XT $500,i5 12600K $270,GIGABYTE Z690 UD $190,16GB DDR4 $55,$1424
,Exceptional,RX 6800 $600,R7 7700X $400,MSI X670-P $290,16GB DDR5 $90,$1826
,Enthusiast,RX 6800XT $710,R7 7700X $400,MSI X670-P $290,16GB DDR5 $90,$2093
,Extremist,RX 6900XT$799,R9 7900X$550,ASUS X670-P$290,32GB DDR5$140,$2685
,,,,,,
20230102,Tier,Graphics,CPU,Motherboard,RAM,Total
,Minimum,Vega 7 $0,R5 5600G $124,GIGABYTE B450M DS3H $88,4GB DDR4 $15,$375
,Entry,RX 550 $90,i3 12100F $82,GIGABYTE H610M S2H $90,4GB DDR4 $15,$452
,Fair,RX 6500XT $170,i3 12100F $82,ASUS H610M-A $110,8GB DDR4 $25,$632
,Good,RX 6600 $216,i5 12400F $165,MSI B660M-A $130,8GB DDR4 $25,$796
,Very Good,RX 6650XT $300,i5 12400F $165,MSI B660M-A $130,8GB DDR4 $25,$895
,Great,RX 6700XT $360,i5 12400F $165,MSI B660M-A $130,8GB DDR4 $25,$961
,Excellent,RX 6800 $580,i5 12600K $237,ASUS Z690-P $170,16GB DDR4 $55,$1440
,Exceptional,RX 6900XT $720,i5 13600K $320,GIGABYTE Z790 UD $200,16GB DDR5 $90,$1803
,Enthusiast,RX 7900 XT $900,R9 7900X $440,MSI X670-P $290,16GB DDR5 $90,$2273
,Extremist,RX 7900 XTX$1200,i9 13900K$660,GIGABYTE Z790 UD$200,32GB DDR5$140,$3051
,,,,,,
20230331,Tier,Graphics,CPU,Motherboard,RAM,Total
,Minimum,Vega 7 $0,R5 5600G $136,GIGABYTE B450M DS3H $88,8GB DDR4 $25,$402
,Entry,RX 550 $90,i3 12100F $92,GIGABYTE H610M S2H $90,8GB DDR4 $25,$493
,Fair,RX 6500XT $170,i3 12100F $92,ASUS H610M-A $110,8GB DDR4 $25,$661
,Good,RX 6600 $230,i5 12400F $164,MSI B660M-A $130,8GB DDR4 $25,$828
,Very Good,RX 6650XT $290,i5 13400F $210,Gigabyte B760M DS3H $150,8GB DDR5 $40,$974
,Great,RTX 3060 Ti $410,R5 7600 $229,ASRock B650 PG $200,8GB DDR5 $40,$1169
,Excellent,RX 6800 $600,R5 7600X $249,ASRock B650 PG $200,16GB DDR5 $73,$1531
,Exceptional,RX 6900XT $670,i7 13700KF $399,GIGABYTE Z790 UD $200,16GB DDR5 $73,$1867
,Enthusiast,RTX 4070 Ti $800,i9 13900KF $569,GIGABYTE Z790 UD $200,16GB DDR5 $73,$2247
,Extremist,RX 7900 XTX$1120,R9 7950X3D$700,MSI X670-P$270,32GB DDR5$140,$3167
,,,,,,
20230629,Tier,Graphics,CPU,Motherboard,RAM,Total
,Minimum,Vega 7 $0,R5 5600G $127,ASRock B450M-HDV $93,8GB DDR4 $25,$396
,Entry,RX 550 $90,i3 12100F $84,GIGABYTE H610M S2H $90,8GB DDR4 $25,$486
,Fair,RX 6500XT $177,i3 12100F $84,ASUS H610M-A $110,8GB DDR4 $25,$658
,Good,RX 6600 $200,i5 12400F $161,GIGABYTE B660M Elite $130,8GB DDR4 $25,$798
,Very Good,RX 6650XT $250,i5 13400F $205,Gigabyte B760M DS3H $140,8GB DDR5 $36,$917
,Great,RX 6700XT $330,R5 7600 $220,ASRock B650 PG $200,8GB DDR5 $36,$1092
,Excellent,RX 6800 $510,R5 7600X $240,ASRock B650 PG $200,16GB DDR5 $52,$1407
,Exceptional,RX 6950XT $620,i7 13700KF $391,GIGABYTE Z790 UD $195,16GB DDR5 $52,$1752
,Enthusiast,RX 7900 XT $810,i9 13900KF $548,GIGABYTE Z790 UD $195,16GB DDR5 $52,$2237
,Extremist,RX 7900 XTX$980,R9 7950X3D$699,MSI X670-P$250,32GB DDR5$85,$3372
,,,,,,
20230929,Tier,Graphics,CPU,Motherboard,RAM,Total
,Minimum,Vega 7 $0,R5 5600G $116,ASRock B450M-HDV $83,8GB DDR4 $25,$395
,Entry,RX 550 $90,i3 12100F $90,GIGABYTE H610M S2H $90,8GB DDR4 $25,$499
,Fair,RX 6500XT $165,i3 12100F $90,ASUS H610M-A $110,8GB DDR4 $25,$666
,Good,RX 6600 $210,i5 12400F $150,ASRock B660 Steel $120,8GB DDR4 $25,$768
,Very Good,RX 6650XT $260,i5 13400F $207,Gigabyte B760M DS3H $140,8GB DDR5 $33,$904
,Great,RTX 3060 Ti $320,R5 7600 $220,MSI B650-P $186,8GB DDR5 $33,$1045
,Excellent,RX 7800XT $500,R5 7600X $250,MSI B650-P $186,16GB DDR5 $50,$1373
,Exceptional,RX 6950XT $630,i7 13700K $376,GIGABYTE Z790 UD $180,16GB DDR5 $50,$1690
,Enthusiast,RX 7900 XT $790,i9 13900KF $530,GIGABYTE Z790 UD $180,16GB DDR5 $50,$2168
,Extremist,RX 7900 XTX$970,R9 7950X3D$652,MSI X670-P$230,32GB DDR5$90,$2977
,,,,,,
20240102,Tier,Graphics,CPU,Motherboard,RAM,Total
,Minimum,Vega 7 $0,R5 5600G $124,ASUS B450M-A $80,8GB DDR4 $25,$386
,Entry,RX 550 $90,i3 12100F $99,GIGABYTE H610M S2H $95,8GB DDR4 $25,$499
,Fair,Arc A580 $170,i3 12100F $99,ASUS H610M-A $110,8GB DDR4 $25,$641
,Good,RX 6600 $200,i5 12400F $148,ASRock B660 Steel $120,8GB DDR4 $25,$745
,Very Good,RX 6650XT $250,i5 13400F $202,ASRock B760M Riptide $130,8GB DDR5 $24,$868
,Great,RX 6700XT $340,R5 7600 $229,ASRock B650 PG $194,8GB DDR5 $24,$1059
,Excellent,RX 6800XT $450,R5 7600X $240,ASRock B650 PG $194,16GB DDR5 $47,$1286
,Exceptional,RX 6950XT $860,i7 13700K $365,GIGABYTE Z790 UD $190,16GB DDR5 $47,$1947
,Enthusiast,RX 7900 XT $760,i9 13900K $544,GIGABYTE Z790 UD $190,16GB DDR5 $47,$2202
,Extremist,RX 7900 XTX$960,i9 14900K$576,ASUS Strix Z790-A$370,32GB DDR5$83,$3102
,,,,,,
20240401,Tier,Graphics,CPU,Motherboard,RAM,Total
,Minimum,Vega 7 $0,R5 5600G $127,ASUS B450M-A $72,8GB DDR4 $24,$425
,Entry,RX 550 $75,i3 12100F $95,ASUS H610M-A $110,8GB DDR4 $24,$534
,Fair,Arc A580 $165,i3 12100F $95,ASUS H610M-A $110,8GB DDR4 $24,$679
,Good,RX 6600 $190,i5 12400F $137,ASRock Z690 Phantom $145,8GB DDR4 $24,$786
,Very Good,RX 6650XT $240,i5 13400F $186,Gigabyte B760M DS3H $130,8GB DDR5 $35,$895
,Great,RX 6700XT $320,R5 7600X $215,MSI B650-P $187,8GB DDR5 $35,$1071
,Excellent,RX 6800XT $450,R5 7600X $215,MSI B650-P $187,16GB DDR5 $59,$1294
,Exceptional,RTX 4070S $600,i7 13700K $370,ASRock Z790 PRO $170,16GB DDR5 $59,$1733
,Enthusiast,RX 7900 XT $700,i9 13900K $523,ASRock Z790 PRO $170,16GB DDR5 $59,$2148
,Extremist,RX 7900 XTX $930,i9 14900K $545,ASRock Z790 TAICHI $380,32GB DDR5 $99,$3184